O2,CO,NOx,CH4,Temperature,Humidity,Gas_Type
20.96,15.07,136.26,2.07,48.2,52.7,NOx High
20.93,25.28,6.54,1.38,38.8,73.7,Normal
19.3,47.01,60.91,0.46,34.8,57.5,Normal
18.27,34.96,87.95,2.84,20.2,45.6,O2 Low
19.47,39.95,7.03,4.33,27.8,70.5,Normal
21.0,74.63,140.67,1.31,49.3,79.7,CO Leak
19.78,53.32,186.4,4.38,25.2,43.5,CO Leak
18.77,93.83,151.82,1.74,28.0,86.6,CO Leak
19.74,29.69,194.65,1.44,21.8,36.6,NOx High
20.18,97.75,196.15,0.4,35.6,51.5,CO Leak
19.63,54.04,42.21,3.98,50.3,59.2,CO Leak
20.91,98.61,151.37,4.81,46.8,65.9,CO Leak
19.69,23.55,77.46,0.49,43.1,63.8,Normal
19.47,74.45,165.92,3.93,33.6,57.6,CO Leak
18.79,60.0,87.41,0.73,32.4,34.7,CO Leak
18.82,2.31,193.22,0.78,33.6,77.2,NOx High
19.49,11.37,49.99,0.85,66.1,77.5,Normal
18.41,86.46,133.57,2.92,37.4,49.5,CO Leak
18.37,96.59,179.59,1.57,68.8,49.1,CO Leak
18.64,87.28,132.65,3.24,37.8,85.2,CO Leak
19.3,25.88,194.08,3.11,56.3,40.3,NOx High
19.04,45.91,90.42,4.06,23.0,89.0,Normal
18.4,83.02,197.1,1.01,54.9,31.4,CO Leak
20.7,57.58,99.12,1.33,45.9,55.3,CO Leak
20.52,49.11,115.78,0.4,52.4,88.2,NOx High
18.04,11.64,35.83,4.13,65.2,87.3,O2 Low
20.65,35.71,85.64,0.82,25.4,59.5,Normal
20.48,7.88,7.37,2.16,34.9,38.9,Normal
20.9,75.33,179.37,3.85,29.0,44.6,CO Leak
18.82,91.18,198.69,2.71,28.6,63.0,CO Leak
20.57,3.62,130.36,1.84,48.3,69.5,NOx High
18.32,93.11,1.48,4.46,24.2,69.5,CO Leak
20.33,0.65,173.21,4.19,65.3,30.9,NOx High
19.12,61.28,31.16,3.81,49.0,76.4,CO Leak
20.11,96.48,87.61,4.87,42.4,53.0,CO Leak
20.23,8.22,155.18,4.73,22.8,75.2,NOx High
18.83,98.05,182.97,3.1,59.8,86.7,CO Leak
20.22,32.92,102.16,0.58,46.2,58.5,NOx High
20.64,41.4,146.86,0.25,64.9,51.8,NOx High
20.83,4.87,180.74,4.49,50.8,45.0,NOx High
19.11,56.28,188.48,0.99,59.8,55.1,CO Leak
20.82,85.72,85.12,3.99,67.8,32.5,CO Leak
18.78,8.7,92.09,0.66,33.8,76.0,O2 Low
19.13,18.86,36.99,1.37,40.3,77.4,Normal
18.45,39.26,3.79,0.25,67.2,33.4,O2 Low
20.56,12.79,102.25,3.24,59.5,88.4,NOx High
20.53,90.24,36.74,3.15,43.4,49.8,CO Leak
18.57,17.06,58.19,1.97,43.2,80.6,O2 Low
20.6,34.11,107.72,3.8,32.9,82.0,NOx High
20.04,94.82,13.37,2.38,43.4,59.1,CO Leak
19.18,78.24,51.73,4.8,58.9,34.1,CO Leak
18.7,68.81,123.96,3.28,22.7,50.0,CO Leak
20.04,91.41,69.11,4.45,25.5,34.6,CO Leak
19.95,20.12,93.63,3.4,66.6,39.7,Normal
20.0,99.95,196.69,2.4,63.2,58.9,CO Leak
18.27,99.56,30.13,4.0,55.5,52.3,CO Leak
20.77,98.68,55.99,1.63,37.8,41.6,CO Leak
19.46,84.61,16.61,1.98,46.4,60.7,CO Leak
19.82,44.91,61.57,3.37,62.3,45.5,Normal
19.82,34.84,70.3,3.21,51.2,34.3,Normal
19.32,39.04,150.97,3.19,66.2,74.7,NOx High
19.38,42.7,179.19,1.09,23.0,44.0,NOx High
20.73,59.2,63.92,0.3,69.7,30.1,CO Leak
18.74,87.49,79.38,2.0,61.6,65.1,CO Leak
18.42,10.43,187.33,1.46,39.4,56.7,NOx High
19.11,45.84,130.27,3.95,52.3,33.1,NOx High
20.84,42.48,125.35,2.28,35.9,84.4,NOx High
20.35,64.47,39.97,0.72,27.1,51.1,CO Leak
20.28,15.65,18.29,2.54,40.0,49.0,Normal
19.55,62.26,37.96,1.71,43.8,64.6,CO Leak
20.22,89.42,55.4,0.51,44.7,52.8,CO Leak
20.53,11.68,150.41,4.96,30.6,85.9,NOx High
19.62,82.71,24.84,4.23,43.0,86.3,CO Leak
20.2,31.67,32.58,1.52,49.6,63.5,Normal
20.66,83.06,46.53,2.81,23.2,75.8,CO Leak
20.59,12.71,109.47,3.99,65.0,62.3,NOx High
19.04,45.26,107.29,2.87,49.9,55.7,NOx High
18.51,71.65,42.66,1.45,23.4,66.4,CO Leak
19.71,75.48,133.28,2.15,61.9,35.1,CO Leak
19.5,39.4,71.33,3.16,31.9,68.6,Normal
18.03,92.2,130.03,2.69,36.2,73.1,CO Leak
20.59,69.78,85.07,0.08,57.5,85.9,CO Leak
18.6,12.98,109.07,2.62,53.0,49.1,NOx High
20.77,68.74,9.14,1.03,42.1,88.0,CO Leak
20.26,51.38,82.43,3.04,66.9,60.1,CO Leak
18.28,30.39,88.38,4.28,57.3,55.2,O2 Low
18.46,60.52,161.74,4.83,61.1,52.1,CO Leak
20.93,55.66,185.72,2.45,20.2,38.1,CO Leak
20.85,66.1,27.43,0.27,28.3,65.8,CO Leak
19.09,38.45,38.18,0.06,22.3,76.8,Normal
20.91,94.18,34.21,1.36,33.3,76.0,CO Leak
19.04,84.02,19.49,2.05,57.1,47.5,CO Leak
18.39,81.84,55.98,4.12,34.1,66.0,CO Leak
18.25,97.09,34.57,3.69,68.4,37.0,CO Leak
20.92,35.96,8.85,1.03,47.1,56.5,Normal
19.96,11.69,194.61,0.93,51.8,48.9,NOx High
20.71,19.12,106.74,0.76,25.2,69.4,NOx High
19.15,58.97,127.66,4.76,21.6,54.3,CO Leak
18.48,78.43,153.89,3.88,45.6,32.8,CO Leak
20.96,26.89,21.62,2.13,40.4,75.3,Normal
18.49,3.3,121.76,3.5,67.2,50.9,NOx High
18.08,11.09,81.32,4.8,64.9,67.5,O2 Low
19.25,46.21,19.78,0.41,54.6,87.8,Normal
20.14,59.74,1.89,3.6,47.0,88.0,CO Leak
18.38,15.75,33.92,1.91,23.9,38.3,O2 Low
20.34,26.66,17.49,2.18,36.9,49.0,Normal
18.56,37.93,160.77,2.86,39.9,85.3,NOx High
20.92,85.23,27.42,2.64,61.0,38.3,CO Leak
18.01,42.88,16.36,0.39,69.4,85.4,O2 Low
20.41,72.32,8.85,4.92,56.9,86.4,CO Leak
18.31,4.57,67.28,0.16,62.1,76.2,O2 Low
20.84,15.79,191.95,4.56,32.2,72.7,NOx High
18.32,83.53,114.36,1.38,62.9,61.7,CO Leak
20.67,98.88,30.27,2.48,20.5,71.1,CO Leak
20.08,63.86,139.44,1.82,32.2,52.2,CO Leak
20.36,89.96,158.02,4.01,59.2,32.9,CO Leak
18.3,87.8,84.61,0.22,51.6,80.5,CO Leak
19.05,78.34,95.6,1.76,52.5,71.2,CO Leak
18.05,3.51,110.38,4.18,44.1,83.9,NOx High
18.76,69.34,168.81,3.69,22.6,44.3,CO Leak
18.0,48.46,105.71,2.8,27.7,84.3,NOx High
20.25,74.76,182.05,1.9,26.9,79.6,CO Leak
18.66,20.51,132.41,2.58,31.1,40.9,NOx High
19.41,59.26,136.56,1.95,68.9,61.1,CO Leak
18.96,28.16,18.89,4.43,51.9,77.8,O2 Low
20.87,77.45,38.68,0.89,65.7,54.8,CO Leak
19.26,45.79,66.86,0.49,64.2,48.7,Normal
19.66,26.37,133.65,2.04,44.9,42.1,NOx High
20.37,18.52,148.53,2.01,35.1,81.2,NOx High
19.25,19.32,193.78,0.68,58.5,72.4,NOx High
18.42,41.36,17.83,2.68,58.4,74.1,O2 Low
20.12,67.5,172.37,0.77,26.9,51.0,CO Leak
19.35,82.35,69.46,0.22,61.6,37.8,CO Leak
19.06,48.17,92.23,2.29,31.6,52.0,Normal
19.91,30.44,41.54,0.02,61.0,34.8,Normal
20.87,62.84,136.89,0.85,24.0,69.8,CO Leak
18.76,61.46,52.13,0.64,35.9,85.1,CO Leak
20.1,92.39,151.14,4.42,34.6,61.2,CO Leak
18.28,52.58,7.75,2.6,25.4,59.2,CO Leak
18.37,83.72,131.06,1.48,29.5,32.7,CO Leak
20.19,36.04,168.79,4.29,65.7,42.2,NOx High
19.56,71.98,101.38,4.86,51.4,79.1,CO Leak
20.33,18.93,93.41,4.76,40.0,72.9,Normal
18.16,97.97,198.15,1.04,23.3,82.3,CO Leak
19.76,97.95,98.4,0.9,61.3,66.3,CO Leak
18.09,78.97,100.16,3.86,44.3,53.3,CO Leak
18.51,82.84,134.97,0.3,24.1,89.5,CO Leak
18.34,38.4,123.29,4.59,32.9,75.7,NOx High
19.2,50.19,22.32,0.38,28.9,64.1,CO Leak
20.23,24.68,96.97,4.64,58.5,72.2,Normal
19.48,72.65,104.73,1.61,56.7,54.1,CO Leak
19.4,92.92,117.63,0.74,29.6,77.8,CO Leak
19.19,4.77,105.4,1.73,53.4,67.6,NOx High
20.74,91.74,107.63,4.51,31.2,44.2,CO Leak
19.79,24.09,50.16,2.71,21.7,68.4,Normal
20.72,1.13,191.53,1.96,39.8,61.6,NOx High
19.61,98.16,21.92,0.28,40.3,34.7,CO Leak
20.97,47.38,23.65,4.27,53.2,39.4,Normal
18.39,67.96,50.3,1.67,31.4,39.2,CO Leak
19.85,35.35,64.94,2.62,31.9,34.6,Normal
18.1,42.88,127.98,1.49,30.1,87.4,NOx High
18.43,72.87,9.28,1.69,29.7,56.8,CO Leak
19.67,54.88,175.19,0.52,44.5,53.9,CO Leak
18.26,95.93,53.34,3.98,64.3,45.2,CO Leak
20.9,20.02,11.8,2.29,28.4,63.6,Normal
20.73,69.79,181.05,3.24,54.3,54.0,CO Leak
18.02,68.56,148.83,3.76,47.5,89.6,CO Leak
19.49,36.75,197.51,3.7,22.8,36.9,NOx High
20.5,93.87,131.93,3.01,46.5,70.6,CO Leak
18.44,55.88,12.34,2.56,23.3,67.0,CO Leak
20.11,78.5,144.82,1.35,32.5,43.1,CO Leak
20.63,19.46,144.12,2.59,40.1,57.2,NOx High
18.41,82.19,21.28,3.46,25.1,41.9,CO Leak
20.31,53.94,137.24,0.28,34.1,76.3,CO Leak
20.34,3.77,112.81,3.18,22.3,45.0,NOx High
20.38,29.52,129.43,1.09,24.2,73.9,NOx High
20.06,84.75,137.65,2.02,41.2,86.2,CO Leak
19.98,75.49,73.68,1.83,24.2,57.1,CO Leak
19.33,61.95,8.83,1.14,68.5,55.0,CO Leak
20.1,83.46,23.47,4.55,39.5,69.3,CO Leak
18.58,36.5,105.98,0.62,42.8,60.6,NOx High
19.15,32.05,128.38,4.38,60.7,86.4,NOx High
18.92,48.32,159.85,2.0,57.5,46.6,NOx High
19.83,69.5,166.98,1.26,49.5,77.6,CO Leak
19.85,8.19,83.26,2.13,67.5,51.0,Normal
20.78,78.56,164.68,3.1,59.0,41.7,CO Leak
20.28,90.64,112.67,3.42,66.9,43.8,CO Leak
19.66,24.88,3.7,1.71,41.7,80.0,Normal
18.42,79.51,176.22,3.15,23.6,60.2,CO Leak
20.87,21.15,109.92,4.44,45.5,65.1,NOx High
18.72,34.21,152.13,3.22,59.1,60.5,NOx High
18.82,36.69,94.71,1.88,29.6,55.8,O2 Low
20.6,87.38,115.14,3.53,50.1,42.3,CO Leak
20.89,55.36,1.71,0.52,28.6,75.3,CO Leak
18.6,90.12,73.92,0.97,69.0,78.1,CO Leak
18.36,48.14,118.09,2.33,37.1,85.2,NOx High
18.5,17.08,178.1,2.54,55.9,43.2,NOx High
19.4,36.01,86.57,0.69,33.4,55.8,Normal
19.36,68.88,28.65,2.1,28.6,69.9,CO Leak
18.1,0.18,180.69,0.17,56.5,87.7,NOx High
18.25,73.34,107.59,3.3,48.2,82.3,CO Leak
18.51,81.01,49.67,0.22,46.5,77.1,CO Leak
18.53,16.46,138.24,3.09,25.0,60.3,NOx High
19.58,31.55,104.39,0.45,61.7,35.2,NOx High
18.02,72.51,45.83,3.06,23.2,36.9,CO Leak
19.79,26.09,121.1,2.89,64.9,72.0,NOx High
19.14,89.14,11.06,2.45,34.8,86.6,CO Leak
20.43,11.36,37.79,4.62,42.5,70.6,Normal
19.88,27.94,96.76,1.96,36.4,40.4,Normal
19.45,61.99,26.92,3.75,59.6,53.8,CO Leak
18.17,96.91,81.63,1.34,54.4,42.3,CO Leak
19.27,71.34,19.91,4.53,33.6,75.3,CO Leak
18.13,55.85,86.75,1.23,32.3,72.4,CO Leak
20.52,59.94,134.69,0.3,39.3,38.7,CO Leak
19.1,43.6,80.03,4.33,20.5,79.0,Normal
20.09,2.41,5.6,0.2,30.1,63.7,Normal
18.99,84.68,151.04,2.7,45.3,36.9,CO Leak
19.35,93.66,14.65,3.7,47.9,79.2,CO Leak
19.19,64.02,93.51,3.55,44.0,33.3,CO Leak
20.3,80.56,188.45,0.77,22.8,56.9,CO Leak
19.69,78.06,117.06,4.7,23.5,59.5,CO Leak
18.22,91.8,93.88,3.73,31.4,89.0,CO Leak
18.47,99.47,192.06,4.54,43.7,64.3,CO Leak
18.76,29.42,105.57,1.79,45.0,34.4,NOx High
18.02,53.0,109.67,4.68,57.4,84.1,CO Leak
18.59,84.71,37.1,2.87,56.3,45.1,CO Leak
19.82,88.41,167.79,3.91,51.1,32.0,CO Leak
18.4,80.31,130.7,2.7,61.1,70.7,CO Leak
19.06,80.65,181.6,0.07,48.5,78.8,CO Leak
18.01,63.68,76.93,4.86,26.9,47.2,CO Leak
18.39,35.96,153.1,0.7,66.0,36.8,NOx High
18.71,41.69,84.86,2.92,37.4,53.5,O2 Low
20.85,64.59,120.85,3.1,25.9,80.4,CO Leak
19.28,33.89,88.43,2.96,48.4,73.0,Normal
20.71,86.38,16.05,0.85,25.1,67.9,CO Leak
19.96,13.94,66.87,1.49,25.6,70.0,Normal
20.75,73.33,161.06,0.26,67.5,85.4,CO Leak
19.21,53.7,52.62,2.95,42.8,87.6,CO Leak
19.76,11.17,188.68,1.39,60.8,72.2,NOx High
20.17,34.04,143.53,0.57,40.6,30.6,NOx High
20.45,8.8,126.09,4.01,54.4,53.3,NOx High
19.2,42.52,89.63,1.08,39.3,70.5,Normal
19.46,25.23,23.83,4.51,28.9,69.5,Normal
18.84,41.28,191.06,3.49,47.2,50.2,NOx High
19.53,94.17,87.69,0.98,59.1,78.8,CO Leak
18.83,6.79,57.95,0.08,42.6,49.1,O2 Low
18.2,67.55,178.89,0.09,45.2,52.0,CO Leak
19.55,82.02,140.58,3.45,33.0,78.4,CO Leak
18.44,17.25,12.3,4.18,60.6,58.1,O2 Low
18.44,0.5,176.08,1.1,23.9,77.1,NOx High
19.78,5.55,177.42,4.34,24.7,37.4,NOx High
19.2,57.09,30.01,0.14,45.2,68.7,CO Leak
18.27,98.62,170.17,1.53,30.6,86.7,CO Leak
19.09,17.94,1.48,1.22,49.5,33.3,Normal
19.55,97.33,124.18,2.57,48.7,86.2,CO Leak
20.14,47.89,50.75,3.44,33.0,80.5,Normal
19.51,48.64,131.84,3.53,62.3,55.5,NOx High
19.32,53.55,144.81,0.81,30.3,36.9,CO Leak
18.46,58.95,96.65,2.02,29.8,69.4,CO Leak
20.81,8.36,55.8,2.16,39.2,50.7,Normal
19.58,24.06,100.04,0.14,49.9,56.0,NOx High
19.47,50.47,136.54,4.84,44.7,46.9,CO Leak
20.93,52.93,192.35,1.58,34.6,83.4,CO Leak
18.34,8.46,131.18,2.41,32.2,45.4,NOx High
18.49,69.06,188.05,3.56,37.2,88.2,CO Leak
19.7,9.68,59.47,4.22,62.3,74.5,Normal
19.78,30.37,76.76,3.24,36.5,63.2,Normal
20.59,27.13,20.03,1.78,30.8,45.2,Normal
18.04,18.63,141.64,0.01,54.3,86.3,NOx High
19.95,91.6,185.87,1.98,50.9,55.7,CO Leak
18.47,24.09,99.11,1.2,47.3,36.8,O2 Low
19.54,37.15,147.26,1.69,66.2,49.0,NOx High
20.28,60.1,190.89,4.28,59.3,68.8,CO Leak
19.82,15.83,194.89,4.36,45.3,70.0,NOx High
19.63,35.35,118.61,2.82,50.1,41.9,NOx High
19.09,51.25,168.7,4.15,37.5,33.8,CO Leak
18.7,69.79,16.17,3.11,25.3,89.5,CO Leak
20.64,35.54,2.85,0.23,42.0,40.4,Normal
19.93,94.25,184.34,0.87,35.1,80.0,CO Leak
20.49,94.81,145.51,2.25,45.7,56.7,CO Leak
20.87,42.92,198.59,4.39,59.1,65.0,NOx High
18.84,70.68,125.44,2.24,46.8,33.3,CO Leak
18.56,39.01,130.66,2.77,25.2,34.4,NOx High
18.26,35.0,61.87,0.01,28.0,85.8,O2 Low
20.22,15.65,119.61,2.16,46.1,32.6,NOx High
19.83,84.58,3.07,1.21,36.4,87.2,CO Leak
18.51,23.35,134.36,2.9,60.3,57.7,NOx High
19.78,42.07,83.54,4.87,22.1,65.8,Normal
19.22,53.19,184.34,2.49,66.6,30.6,CO Leak
20.15,83.14,154.11,2.31,38.5,71.7,CO Leak
18.04,28.51,172.61,3.4,48.1,46.5,NOx High
19.68,28.17,93.76,3.86,64.7,52.1,Normal
19.02,3.92,86.46,2.48,28.8,69.8,Normal
18.95,63.83,128.24,2.3,42.2,40.9,CO Leak
20.55,55.63,58.44,4.55,29.0,48.3,CO Leak
20.26,83.9,105.62,2.02,62.9,40.4,CO Leak
18.86,39.8,157.57,3.64,61.7,49.7,NOx High
20.03,34.39,103.67,0.61,34.2,78.9,NOx High
19.05,65.03,146.6,1.81,53.0,64.5,CO Leak
19.27,26.04,98.53,2.89,62.7,87.2,Normal
19.0,28.42,14.45,3.43,53.1,42.8,Normal
19.74,90.07,61.49,4.61,60.8,31.4,CO Leak
18.11,40.61,54.85,0.26,20.3,44.0,O2 Low
18.67,37.94,79.68,3.19,66.9,37.1,O2 Low
18.78,33.2,45.91,3.84,20.5,70.1,O2 Low
19.69,5.51,149.84,4.29,34.7,84.0,NOx High
19.47,41.21,131.69,4.74,23.0,37.0,NOx High
19.75,15.53,49.99,3.16,39.2,74.5,Normal
18.37,56.06,139.24,0.17,56.6,70.2,CO Leak
20.15,80.2,4.92,0.99,26.9,69.4,CO Leak
18.98,25.9,132.88,2.54,26.2,83.7,NOx High
19.04,43.98,75.37,4.31,24.2,81.4,Normal
20.93,57.43,62.17,1.09,68.5,37.2,CO Leak
19.71,10.55,103.76,3.02,55.6,77.4,NOx High
18.63,21.62,163.2,4.13,26.1,58.9,NOx High
18.15,16.52,102.53,0.26,68.3,45.9,NOx High
20.16,46.37,35.06,4.59,35.0,30.7,Normal
18.1,26.83,137.62,3.41,68.3,48.5,NOx High
18.11,92.12,39.71,4.77,66.0,72.2,CO Leak
19.0,59.86,80.1,0.26,64.6,37.6,CO Leak
20.86,36.36,2.02,1.26,43.8,51.3,Normal
18.22,17.74,62.02,0.31,45.2,77.4,O2 Low
20.74,82.3,80.98,1.0,34.0,68.0,CO Leak
18.59,29.46,170.31,1.88,44.3,55.9,NOx High
19.46,19.91,172.72,2.69,42.0,57.5,NOx High
18.02,69.82,24.85,4.73,31.8,31.9,CO Leak
18.33,77.31,18.52,0.75,68.1,69.9,CO Leak
18.64,76.0,149.26,0.44,48.0,74.0,CO Leak
20.02,1.77,158.23,0.66,62.9,34.7,NOx High
19.05,65.85,27.2,4.81,40.8,84.5,CO Leak
18.46,72.31,134.67,3.13,48.5,42.5,CO Leak
20.45,22.77,16.79,1.08,47.5,55.6,Normal
19.45,84.13,180.66,2.22,56.1,37.0,CO Leak
18.01,13.67,134.09,2.1,37.6,53.0,NOx High
18.04,64.87,87.77,2.39,21.0,87.4,CO Leak
20.48,75.77,13.5,0.11,21.5,68.5,CO Leak
20.97,6.27,140.0,3.28,34.3,56.8,NOx High
18.29,65.8,47.86,0.04,32.7,36.5,CO Leak
20.33,71.77,18.44,1.9,35.4,71.3,CO Leak
20.72,3.5,77.67,3.72,21.5,60.7,Normal
20.52,61.47,61.81,3.62,47.2,38.6,CO Leak
18.19,86.6,192.14,4.25,24.3,69.0,CO Leak
19.77,1.33,197.08,3.0,23.6,82.2,NOx High
18.63,61.84,84.09,1.35,67.2,32.4,CO Leak
20.24,51.9,195.54,3.66,64.8,54.9,CO Leak
19.66,15.63,70.66,4.63,58.2,75.0,Normal
19.82,33.7,171.45,1.71,63.8,52.7,NOx High
18.16,20.98,107.65,0.75,44.4,76.0,NOx High
18.06,66.58,128.83,2.45,22.8,53.7,CO Leak
20.24,7.26,62.26,1.09,21.4,32.5,Normal
19.23,89.3,196.37,3.44,38.5,44.8,CO Leak
20.78,99.2,168.75,4.34,67.9,39.3,CO Leak
19.77,15.28,50.73,0.02,52.1,60.5,Normal
20.37,11.68,157.01,4.68,60.1,54.6,NOx High
20.09,17.41,53.67,3.0,29.8,36.6,Normal
20.24,66.25,95.58,3.41,36.9,80.8,CO Leak
20.14,65.24,95.32,1.78,38.5,46.3,CO Leak
20.85,23.75,182.9,3.83,23.2,68.2,NOx High
18.17,28.84,125.17,0.37,28.8,78.5,NOx High
18.25,90.69,16.46,1.28,63.6,34.6,CO Leak
20.8,7.36,179.19,4.48,46.6,42.2,NOx High
19.36,45.19,2.65,1.38,51.9,54.3,Normal
19.5,17.71,70.0,0.05,60.0,49.4,Normal
20.7,9.06,139.17,1.86,26.1,45.9,NOx High
20.88,26.35,42.14,4.96,47.3,34.3,Normal
20.78,29.65,158.45,0.08,41.0,76.5,NOx High
19.52,22.82,63.67,3.55,62.1,34.0,Normal
19.89,14.31,71.0,2.85,68.6,55.0,Normal
19.25,59.58,1.92,0.07,44.6,69.5,CO Leak
19.7,11.36,115.09,1.68,41.2,83.9,NOx High
19.15,10.82,97.5,0.62,54.0,58.7,Normal
18.67,46.39,124.98,1.89,65.3,78.1,NOx High
19.23,93.13,28.46,4.58,38.6,51.8,CO Leak
19.93,94.86,5.31,0.61,66.1,74.0,CO Leak
18.14,94.63,71.58,3.12,21.9,48.8,CO Leak
18.66,52.59,71.68,2.91,32.3,36.7,CO Leak
19.2,70.3,87.22,1.59,42.5,77.6,CO Leak
18.79,73.7,84.32,4.48,48.3,82.0,CO Leak
20.15,65.7,161.65,4.43,56.1,36.0,CO Leak
18.85,67.64,130.31,4.7,43.4,48.1,CO Leak
20.21,17.53,195.01,3.53,36.9,53.9,NOx High
19.51,10.5,56.43,3.31,38.0,43.0,Normal
19.19,8.12,19.27,1.39,62.6,47.8,Normal
19.22,73.6,57.85,4.47,40.8,52.5,CO Leak
18.91,90.12,123.06,2.58,50.6,50.4,CO Leak
18.89,1.71,43.5,1.46,34.1,73.4,O2 Low
18.45,74.91,13.27,3.76,36.3,82.0,CO Leak
20.81,29.19,7.26,1.61,22.7,52.7,Normal
18.16,25.11,146.15,4.26,58.1,64.4,NOx High
18.1,71.2,76.36,1.84,50.2,54.3,CO Leak
20.01,26.64,30.55,2.12,58.5,86.4,Normal
18.83,58.03,34.8,0.6,32.5,67.1,CO Leak
19.43,95.64,4.81,2.15,48.0,39.0,CO Leak
18.11,68.91,145.46,4.26,42.0,80.8,CO Leak
20.63,48.4,126.11,2.67,45.1,51.0,NOx High
18.63,71.25,88.37,3.84,39.7,56.2,CO Leak
20.33,64.85,151.07,3.0,57.9,35.4,CO Leak
19.73,87.22,82.7,1.69,22.6,63.2,CO Leak
18.22,61.74,149.36,4.31,28.8,53.5,CO Leak
20.87,50.99,173.27,4.26,48.9,42.5,CO Leak
19.85,6.88,115.56,0.29,40.3,74.2,NOx High
18.23,42.96,126.82,0.44,64.9,80.4,NOx High
20.63,72.8,189.13,2.16,69.3,81.6,CO Leak
18.0,99.05,160.86,4.5,69.7,43.9,CO Leak
18.94,56.1,160.02,3.48,45.9,78.7,CO Leak
19.75,70.56,3.32,0.84,61.3,37.7,CO Leak
18.93,55.91,149.93,2.98,41.3,66.3,CO Leak
19.26,94.88,42.34,3.91,22.7,39.7,CO Leak
18.59,54.44,132.64,0.36,37.3,49.1,CO Leak
20.66,48.18,126.99,4.67,53.3,37.9,NOx High
18.87,82.21,189.49,0.2,51.9,53.4,CO Leak
19.37,44.07,76.33,4.93,38.7,56.5,Normal
18.75,18.82,164.19,0.6,64.2,32.6,NOx High
19.76,76.28,56.4,2.5,28.4,66.2,CO Leak
18.39,95.28,33.23,3.41,44.2,52.9,CO Leak
18.69,90.28,177.3,2.53,67.4,83.9,CO Leak
19.17,96.03,188.38,1.11,52.2,73.4,CO Leak
20.71,75.61,195.64,0.04,41.3,53.8,CO Leak
18.14,65.82,91.68,4.69,27.3,47.4,CO Leak
20.22,49.81,188.47,0.73,47.6,76.1,NOx High
19.01,22.68,43.56,4.54,40.3,40.5,Normal
18.2,58.65,165.74,2.27,39.6,79.1,CO Leak
18.4,50.79,138.97,4.62,26.0,33.1,CO Leak
20.34,8.45,85.01,0.13,46.2,76.7,Normal
18.62,61.59,110.67,1.15,55.6,77.1,CO Leak
18.3,85.39,174.43,2.07,27.5,45.9,CO Leak
19.6,70.07,99.11,2.87,24.3,58.1,CO Leak
19.04,78.37,155.35,3.55,65.8,72.2,CO Leak
18.76,90.67,150.97,1.16,41.7,79.9,CO Leak
19.21,14.45,98.32,3.25,68.2,83.2,Normal
18.53,45.72,7.55,1.63,41.6,62.5,O2 Low
18.24,77.5,117.63,1.53,61.7,75.5,CO Leak
19.74,19.04,22.12,3.55,48.2,34.6,Normal
20.89,8.74,91.46,1.85,55.0,77.5,Normal
18.72,35.04,136.26,1.42,28.4,60.8,NOx High
18.7,9.8,111.73,0.68,51.2,64.1,NOx High
19.31,33.11,139.49,3.44,25.7,46.2,NOx High
18.43,75.08,133.7,3.93,30.0,60.5,CO Leak
18.64,85.27,68.46,1.9,36.9,49.2,CO Leak
19.35,39.37,63.23,1.91,51.7,48.6,Normal
18.14,73.24,15.78,2.31,62.9,60.5,CO Leak
20.21,25.05,178.51,1.85,68.4,46.7,NOx High
18.83,43.5,129.1,0.61,25.7,40.9,NOx High
20.71,10.31,105.12,4.56,20.3,64.2,NOx High
20.71,78.45,32.4,2.28,41.9,69.1,CO Leak
19.05,37.37,173.96,2.15,61.0,33.4,NOx High
18.47,8.65,117.18,1.33,58.6,75.4,NOx High
20.33,18.29,55.57,0.82,65.2,46.5,Normal
19.47,21.22,73.44,2.59,44.7,45.9,Normal
20.42,59.41,176.14,2.84,67.0,59.5,CO Leak
19.02,78.75,6.89,3.22,55.7,43.8,CO Leak
18.21,32.69,115.56,1.35,48.8,35.8,NOx High
18.86,67.42,69.4,3.21,33.2,30.1,CO Leak
19.31,27.45,36.61,0.5,66.5,67.7,Normal
19.74,8.5,31.18,1.72,33.7,64.3,Normal
18.14,41.0,155.53,2.66,37.6,39.1,NOx High
20.04,84.39,4.15,3.34,31.3,65.9,CO Leak
20.8,76.56,88.21,1.92,47.3,53.1,CO Leak
19.61,84.35,54.32,2.26,34.0,83.8,CO Leak
19.89,27.64,6.21,1.2,30.3,61.2,Normal
19.22,46.31,26.91,0.81,21.2,34.5,Normal
19.93,76.71,154.48,4.94,66.3,85.5,CO Leak
20.21,90.42,44.62,3.81,45.9,79.9,CO Leak
20.1,2.43,155.4,3.82,41.2,80.2,NOx High
19.68,20.66,190.1,0.53,60.9,43.4,NOx High
18.51,34.57,10.82,3.36,66.3,32.3,O2 Low
18.1,41.85,5.19,1.55,29.7,73.3,O2 Low
19.36,29.06,169.4,4.79,58.5,66.2,NOx High
18.89,30.58,149.51,4.26,33.1,30.1,NOx High
18.91,72.91,119.12,1.63,35.8,75.8,CO Leak
18.62,87.87,28.0,3.67,60.4,60.6,CO Leak
20.25,96.67,156.97,0.92,23.7,65.4,CO Leak
18.68,40.26,160.46,2.18,50.1,84.4,NOx High
20.74,67.7,53.45,4.92,35.8,54.0,CO Leak
19.13,39.0,162.36,1.89,25.3,65.4,NOx High
18.15,99.69,39.39,3.78,56.9,83.5,CO Leak
20.68,91.92,105.98,1.99,53.0,71.5,CO Leak
18.85,71.37,72.2,3.15,66.8,60.9,CO Leak
18.73,48.82,185.57,4.39,66.2,36.5,NOx High
20.0,42.14,66.33,2.85,32.8,72.3,Normal
18.42,41.56,70.3,0.33,47.1,34.8,O2 Low
18.08,79.97,94.71,1.82,37.9,86.2,CO Leak
18.25,57.22,147.72,1.61,29.9,39.4,CO Leak
18.14,91.48,97.13,2.5,36.5,53.5,CO Leak
19.81,87.72,66.28,2.55,42.2,85.7,CO Leak
20.02,44.69,14.68,4.97,53.4,68.8,Normal
20.22,31.42,118.38,3.1,69.8,49.1,NOx High
19.1,68.09,49.66,1.09,41.4,80.6,CO Leak
18.67,52.28,181.58,2.92,32.3,67.2,CO Leak
20.52,57.3,183.93,4.72,50.4,65.3,CO Leak
18.28,30.14,188.88,4.09,26.9,43.3,NOx High
20.4,60.67,89.24,3.17,65.6,49.6,CO Leak
20.91,51.9,184.83,0.19,30.1,78.2,CO Leak
19.04,23.67,7.26,2.92,33.3,43.4,Normal
18.74,61.79,114.55,0.13,56.8,31.1,CO Leak
18.7,19.6,23.67,1.99,32.4,46.9,O2 Low
18.16,8.89,93.02,3.69,45.8,50.4,O2 Low
20.79,31.42,28.03,3.54,21.1,44.0,Normal
18.08,57.69,149.12,4.7,39.9,54.9,CO Leak
18.93,64.0,155.98,4.55,42.5,53.2,CO Leak
19.66,70.91,110.51,1.53,65.1,38.8,CO Leak
18.81,42.5,124.26,4.29,26.6,48.6,NOx High
18.76,25.12,158.66,0.87,27.0,47.0,NOx High
19.78,84.49,28.26,3.59,23.5,33.5,CO Leak
18.73,59.05,111.59,3.08,49.1,73.0,CO Leak
20.99,53.18,102.86,1.05,47.3,70.9,CO Leak
20.21,4.63,164.91,4.21,67.0,80.4,NOx High
20.32,23.43,44.65,1.53,69.5,78.8,Normal
20.03,24.45,191.56,3.43,48.0,53.7,NOx High
19.32,70.27,136.71,2.11,59.5,34.9,CO Leak
20.57,38.94,161.09,1.43,48.6,89.3,NOx High
20.05,49.3,61.8,0.51,27.8,82.9,Normal
20.1,96.05,99.16,0.03,66.3,55.7,CO Leak
19.44,84.46,93.03,3.11,31.0,56.2,CO Leak
19.35,85.11,124.35,2.65,35.8,57.5,CO Leak
18.91,24.38,145.58,0.19,23.5,52.9,NOx High
20.47,32.31,179.47,4.94,28.5,30.7,NOx High
20.01,6.17,136.36,3.77,39.5,63.3,NOx High
19.49,36.33,80.0,3.83,64.5,64.4,Normal
20.08,29.43,72.23,0.76,66.1,69.4,Normal
18.87,3.26,2.12,2.98,40.0,74.1,O2 Low
20.49,58.49,182.23,1.11,49.5,65.5,CO Leak
18.36,0.67,20.15,2.25,24.6,30.1,O2 Low
19.52,83.95,23.1,3.78,31.7,83.0,CO Leak
18.7,70.86,127.42,4.32,31.0,35.4,CO Leak
20.64,0.78,24.41,0.25,66.3,77.7,Normal
19.6,88.26,181.73,1.11,52.3,43.5,CO Leak
18.99,47.39,36.88,4.01,38.9,52.7,O2 Low
18.89,90.8,62.7,1.81,49.7,63.1,CO Leak
19.74,22.0,159.86,4.86,47.7,56.7,NOx High
19.66,18.1,80.61,3.82,56.7,44.1,Normal
19.22,69.68,138.11,3.17,40.1,87.7,CO Leak
18.38,69.73,195.49,2.54,51.0,88.5,CO Leak
19.83,93.23,173.13,2.55,65.3,32.6,CO Leak
18.24,95.8,86.7,2.27,59.7,71.0,CO Leak
19.93,81.79,32.69,4.55,58.3,59.9,CO Leak
19.73,30.08,34.09,2.15,50.1,66.9,Normal
20.73,76.41,59.84,1.51,27.2,55.7,CO Leak
19.04,39.82,18.97,3.09,28.3,68.6,Normal
19.74,42.86,9.71,0.96,53.4,51.4,Normal
19.23,91.99,185.47,0.34,33.6,44.2,CO Leak
20.09,12.07,189.86,4.13,57.3,49.8,NOx High
19.25,55.13,154.79,1.24,45.1,81.5,CO Leak
19.46,46.0,3.29,1.55,29.8,53.5,Normal
20.88,41.41,112.96,5.0,25.9,74.2,NOx High
18.13,42.56,91.28,3.2,27.7,37.5,O2 Low
18.73,80.32,47.79,0.06,68.8,69.7,CO Leak
20.24,64.93,83.68,0.58,25.9,71.6,CO Leak
18.04,27.28,127.1,1.74,42.4,63.7,NOx High
20.39,59.92,108.22,0.93,56.4,70.4,CO Leak
18.98,13.43,193.52,1.12,44.1,53.6,NOx High
18.19,68.49,126.61,1.47,40.1,34.2,CO Leak
19.09,29.57,91.89,3.79,56.1,46.9,Normal
18.15,14.11,22.98,1.32,25.8,62.7,O2 Low
20.36,20.86,24.28,2.13,41.8,54.2,Normal
20.35,94.28,68.44,0.07,31.0,87.6,CO Leak
19.38,35.27,82.51,1.7,43.1,63.8,Normal
19.67,80.38,33.63,1.62,52.3,41.7,CO Leak
19.32,88.65,5.24,0.53,69.3,47.0,CO Leak
20.27,46.67,157.24,0.41,55.5,32.2,NOx High
20.55,45.13,143.71,1.75,45.1,87.0,NOx High
20.11,59.21,96.12,3.57,55.8,39.6,CO Leak
19.66,41.15,133.26,2.75,40.2,52.3,NOx High
20.47,95.99,129.12,2.08,23.3,80.5,CO Leak
19.39,11.23,139.26,2.4,66.3,54.2,NOx High
18.97,80.5,32.31,3.16,65.5,61.9,CO Leak
18.56,32.94,136.12,4.1,58.3,77.4,NOx High
18.86,5.11,166.93,0.89,69.2,83.6,NOx High
19.25,93.93,30.86,2.41,59.3,41.1,CO Leak
19.23,47.68,180.35,2.92,23.2,55.3,NOx High
20.8,59.24,143.08,4.58,53.0,42.4,CO Leak
19.74,3.27,184.26,3.84,55.0,32.7,NOx High
20.29,57.13,9.22,0.09,59.2,38.3,CO Leak
19.3,66.67,184.76,3.34,40.4,89.7,CO Leak
18.41,49.74,39.1,2.09,50.6,53.8,O2 Low
19.29,89.16,129.11,1.49,58.8,48.6,CO Leak
20.12,21.2,25.86,1.31,25.8,80.1,Normal
19.64,65.14,7.23,4.64,65.2,48.8,CO Leak
20.04,94.7,45.46,0.05,35.3,78.2,CO Leak
20.71,44.61,158.93,2.96,26.4,61.9,NOx High
19.83,69.41,135.52,3.6,27.8,38.2,CO Leak
19.56,61.11,49.03,3.17,68.9,58.1,CO Leak
20.82,97.42,40.46,3.51,39.3,75.1,CO Leak
18.56,46.2,75.07,2.39,25.7,86.5,O2 Low
18.82,37.21,173.44,3.9,55.9,52.8,NOx High
20.2,43.23,141.5,0.37,68.9,78.2,NOx High
19.75,55.54,16.26,0.26,68.9,30.7,CO Leak
19.11,51.7,30.27,0.13,23.9,72.2,CO Leak
19.64,95.68,16.71,2.1,31.0,51.5,CO Leak
18.93,60.06,30.94,0.99,28.6,36.9,CO Leak
20.75,97.55,46.53,2.45,50.8,86.7,CO Leak
18.24,37.88,59.66,2.55,42.3,40.0,O2 Low
20.98,12.5,198.24,0.1,66.2,79.4,NOx High
19.72,30.64,10.72,2.78,23.4,34.2,Normal
19.74,26.48,179.4,1.22,45.7,72.0,NOx High
18.23,71.0,59.27,1.0,68.7,85.4,CO Leak
19.47,62.66,180.9,1.92,27.8,69.9,CO Leak
18.38,87.04,121.41,3.67,31.3,61.3,CO Leak
18.1,29.29,157.93,3.32,67.1,49.5,NOx High
19.66,24.99,29.47,2.39,23.0,61.2,Normal
19.62,65.86,159.09,1.06,38.0,69.0,CO Leak
20.12,88.07,156.21,1.64,26.2,31.8,CO Leak
20.28,67.43,168.44,4.68,29.1,54.0,CO Leak
20.05,33.65,113.61,4.91,54.4,87.5,NOx High
18.58,22.13,174.57,0.02,40.1,47.7,NOx High
19.31,44.78,56.54,3.15,37.0,43.9,Normal
18.24,69.94,88.25,4.59,52.6,76.8,CO Leak
18.32,59.1,11.28,3.64,59.0,68.6,CO Leak
18.06,37.48,70.34,3.97,36.5,73.7,O2 Low
20.99,97.16,196.47,4.66,61.0,68.0,CO Leak
20.22,87.04,65.34,4.43,68.9,57.7,CO Leak
19.55,69.99,107.53,3.65,51.9,47.4,CO Leak
19.59,56.21,184.06,3.32,28.5,80.0,CO Leak
19.12,20.84,123.5,4.05,23.1,52.5,NOx High
20.28,16.07,15.09,0.95,43.5,31.5,Normal
19.18,0.34,9.91,3.03,48.3,52.6,Normal
19.13,98.29,101.83,3.78,27.5,51.9,CO Leak
20.54,54.35,95.68,2.29,47.5,81.6,CO Leak
19.86,51.42,103.31,0.16,56.9,52.8,CO Leak
20.87,52.55,118.16,4.56,65.1,84.5,CO Leak
19.28,86.68,55.32,0.85,49.0,76.2,CO Leak
19.2,41.51,57.15,3.89,69.3,49.9,Normal
20.17,19.66,84.57,1.07,61.3,73.7,Normal
19.0,87.03,49.0,3.44,50.3,79.6,CO Leak
20.89,1.26,17.58,3.44,38.7,37.6,Normal
20.82,73.28,144.87,4.02,64.4,47.8,CO Leak
20.45,24.94,79.98,2.31,42.5,53.1,Normal
18.86,68.16,74.1,2.47,64.7,46.6,CO Leak
19.62,73.55,123.92,4.42,53.6,48.4,CO Leak
19.48,78.98,17.4,4.42,56.6,64.7,CO Leak
20.34,0.13,126.42,1.7,27.2,71.1,NOx High
18.63,40.06,156.37,1.74,30.8,84.9,NOx High
20.74,78.7,102.87,3.46,20.9,85.5,CO Leak
19.55,44.96,126.1,4.27,23.4,89.4,NOx High
20.84,74.17,126.65,4.65,64.5,46.1,CO Leak
20.39,78.4,124.4,4.53,37.8,76.8,CO Leak
18.2,83.59,151.78,3.58,53.1,79.7,CO Leak
18.73,11.82,171.82,3.34,66.1,51.5,NOx High
18.02,23.89,105.2,1.89,56.2,45.5,NOx High
20.56,93.31,136.27,1.32,46.1,80.3,CO Leak
19.32,81.42,157.92,3.35,57.8,83.0,CO Leak
19.02,62.74,2.15,2.41,27.7,58.0,CO Leak
19.88,29.71,192.31,2.09,22.6,68.8,NOx High
19.87,70.21,76.57,1.19,22.4,84.0,CO Leak
19.61,14.92,138.49,1.15,30.6,86.3,NOx High
18.32,25.79,104.83,1.92,45.6,35.2,NOx High
20.14,64.73,36.12,1.0,51.8,84.6,CO Leak
20.05,55.67,104.52,2.2,57.1,44.8,CO Leak
19.8,69.41,73.66,2.56,46.8,85.0,CO Leak
19.15,71.55,163.15,0.7,25.9,45.8,CO Leak
20.9,72.73,42.75,4.32,60.5,81.6,CO Leak
20.7,14.0,0.83,2.59,57.9,50.7,Normal
19.91,18.17,71.28,4.87,46.4,56.9,Normal
20.8,82.54,91.95,0.47,27.5,86.6,CO Leak
19.22,98.62,138.15,0.97,56.2,66.1,CO Leak
19.08,67.91,102.04,3.31,57.9,68.9,CO Leak
18.12,77.54,55.73,1.38,56.1,88.7,CO Leak
20.39,22.04,168.46,4.44,56.9,75.8,NOx High
20.63,18.73,155.91,1.15,65.0,53.0,NOx High
20.89,42.35,158.29,1.19,64.0,62.1,NOx High
20.14,55.99,147.48,3.24,23.1,72.7,CO Leak
20.64,52.76,161.29,3.06,53.0,42.7,CO Leak
18.06,90.1,61.11,0.3,33.9,58.4,CO Leak
18.59,50.29,124.55,2.88,23.7,80.4,CO Leak
20.95,26.95,52.58,4.91,63.2,64.7,Normal
18.13,16.75,102.58,0.34,45.3,74.4,NOx High
20.02,73.51,164.84,3.76,54.7,80.6,CO Leak
18.05,48.95,153.09,4.38,68.4,36.2,NOx High
18.07,85.5,28.69,4.42,57.8,88.5,CO Leak
18.87,81.91,109.94,3.19,59.1,83.9,CO Leak
20.05,63.33,57.59,1.84,33.7,81.4,CO Leak
18.44,20.52,77.45,5.0,40.6,77.1,O2 Low
20.46,95.32,198.87,2.83,43.5,87.2,CO Leak
20.84,90.24,22.99,2.08,50.4,30.7,CO Leak
18.69,16.32,84.85,4.44,30.1,51.1,O2 Low
18.9,17.87,152.92,3.56,64.4,88.4,NOx High
20.66,37.92,150.92,0.76,43.8,82.4,NOx High
19.41,42.19,146.03,1.86,43.7,39.6,NOx High
18.41,41.82,37.34,0.81,56.7,40.3,O2 Low
20.66,19.86,114.26,3.8,42.8,47.7,NOx High
20.01,13.23,71.07,2.82,43.2,47.1,Normal
20.05,83.69,187.36,1.32,45.6,41.0,CO Leak
19.34,46.68,106.05,1.15,61.4,40.9,NOx High
19.1,98.33,30.02,4.08,55.1,55.0,CO Leak
19.31,78.6,162.42,2.64,58.7,54.9,CO Leak
20.77,31.9,176.38,2.86,30.2,31.6,NOx High
18.7,1.25,108.08,2.09,55.6,74.6,NOx High
19.01,7.13,60.24,0.4,64.8,80.4,Normal
20.23,81.69,101.5,2.78,37.0,39.6,CO Leak
20.25,81.1,5.35,3.11,39.4,31.9,CO Leak
18.55,24.79,64.52,0.82,41.1,88.5,O2 Low
20.87,26.15,148.94,0.49,50.2,38.1,NOx High
19.44,28.93,91.48,1.01,50.2,47.2,Normal
19.57,35.87,95.99,2.4,40.5,57.7,Normal
18.04,69.66,175.71,3.94,40.1,41.3,CO Leak
19.93,14.73,195.56,4.6,64.5,36.0,NOx High
18.18,29.66,56.13,2.35,48.5,45.7,O2 Low
19.25,39.0,76.22,3.88,61.1,40.2,Normal
20.58,63.87,27.23,0.11,45.1,46.1,CO Leak
18.84,33.15,120.05,3.64,36.5,31.4,NOx High
19.79,43.82,164.45,4.2,50.7,56.7,NOx High
19.52,53.52,137.05,3.15,50.8,53.0,CO Leak
20.58,26.5,72.34,0.12,47.0,58.5,Normal
20.65,25.48,98.65,0.61,60.0,33.2,Normal
18.76,42.81,123.51,4.93,58.1,76.4,NOx High
19.99,43.67,24.32,2.77,22.2,38.2,Normal
18.87,90.19,44.68,4.11,66.0,61.3,CO Leak
20.9,23.84,122.48,2.86,35.8,43.6,NOx High
20.86,29.77,70.54,4.74,55.9,42.8,Normal
20.71,5.0,137.19,3.14,48.5,44.0,NOx High
18.04,50.66,74.24,2.69,28.9,38.7,CO Leak
20.44,34.05,154.92,4.18,44.6,31.2,NOx High
19.8,68.62,76.95,0.44,36.8,51.7,CO Leak
20.79,99.5,152.13,1.5,45.4,75.3,CO Leak
19.67,27.46,42.78,0.05,28.3,74.8,Normal
18.28,37.47,174.53,0.51,62.4,89.4,NOx High
19.35,33.2,183.28,4.04,56.4,59.2,NOx High
20.74,92.63,79.01,0.13,20.4,73.1,CO Leak
20.75,41.64,149.58,0.03,44.5,67.6,NOx High
20.39,83.3,115.65,2.02,69.4,58.3,CO Leak
18.75,31.74,7.1,2.6,24.9,69.7,O2 Low
19.78,64.23,33.64,2.19,40.4,42.2,CO Leak
20.08,89.57,37.65,2.56,46.7,53.3,CO Leak
18.04,75.96,50.52,0.35,40.8,41.0,CO Leak
18.3,44.26,136.25,0.16,22.5,70.9,NOx High
19.39,24.01,41.73,3.62,41.5,84.8,Normal
20.3,95.45,121.46,1.72,68.1,50.4,CO Leak
19.62,67.14,111.92,0.16,45.7,77.6,CO Leak
20.57,32.71,146.11,2.58,59.6,49.8,NOx High
20.18,68.02,169.41,1.86,33.5,71.7,CO Leak
19.73,98.6,166.56,4.22,66.0,64.4,CO Leak
20.87,42.59,170.76,1.06,60.3,69.8,NOx High
20.98,30.76,176.87,1.04,26.1,82.9,NOx High
19.98,1.53,0.87,2.82,43.3,59.0,Normal
19.74,71.43,124.5,4.99,25.6,84.3,CO Leak
20.09,77.55,64.5,1.58,60.5,86.4,CO Leak
19.82,83.04,70.73,4.03,58.0,80.4,CO Leak
18.49,16.03,21.51,3.16,53.8,58.3,O2 Low
20.55,50.47,17.79,2.39,60.5,87.2,CO Leak
19.95,59.63,10.74,2.21,45.4,75.4,CO Leak
18.48,18.09,11.51,2.53,52.3,85.5,O2 Low
19.08,88.8,128.1,0.91,68.1,83.3,CO Leak
20.32,69.26,119.81,0.25,63.2,48.8,CO Leak
19.12,15.55,140.0,0.61,56.6,82.3,NOx High
18.67,28.56,53.82,0.91,25.9,33.0,O2 Low
18.09,17.93,118.65,2.87,61.2,74.2,NOx High
20.71,92.57,24.07,2.96,30.7,77.7,CO Leak
18.98,78.17,12.22,1.23,36.5,75.0,CO Leak
20.55,51.25,192.71,0.82,58.5,53.4,CO Leak
20.46,17.42,75.74,4.19,60.7,89.6,Normal
18.9,39.37,181.04,2.36,67.4,46.5,NOx High
19.18,25.08,70.78,3.07,43.7,58.9,Normal
19.91,54.69,48.27,4.61,57.5,68.2,CO Leak
20.4,69.84,25.61,1.98,42.9,69.4,CO Leak
18.45,91.21,71.56,1.97,20.7,36.6,CO Leak
20.49,12.0,23.04,1.84,20.7,40.1,Normal
19.32,56.27,118.53,1.72,51.4,86.2,CO Leak
18.16,72.16,193.31,0.96,23.3,75.2,CO Leak
20.25,95.8,163.25,3.76,21.0,36.2,CO Leak
18.33,93.24,118.37,3.93,61.7,64.4,CO Leak
20.56,35.3,39.07,2.64,66.5,70.4,Normal
18.09,82.13,132.29,0.28,33.1,83.2,CO Leak
20.76,8.03,178.98,3.62,30.0,31.6,NOx High
19.12,1.02,20.9,0.2,35.8,70.9,Normal
20.66,93.9,167.22,4.12,27.3,74.1,CO Leak
20.73,91.93,129.9,3.46,53.4,45.3,CO Leak
19.0,34.43,17.51,4.85,48.4,78.9,Normal
20.26,17.75,58.74,1.07,66.7,37.3,Normal
18.77,95.63,90.46,2.26,64.4,62.8,CO Leak
20.89,40.15,30.53,0.99,59.3,32.4,Normal
18.69,73.15,7.66,4.39,32.4,52.0,CO Leak
19.26,22.08,183.91,1.42,46.7,47.8,NOx High
18.25,13.66,4.32,2.38,51.7,76.2,O2 Low
19.93,25.45,115.6,2.89,43.0,50.2,NOx High
20.1,77.51,79.69,3.05,51.6,76.9,CO Leak
20.3,42.44,141.92,2.46,54.8,39.8,NOx High
18.99,89.26,142.87,4.16,65.7,78.6,CO Leak
19.37,48.08,93.13,3.18,48.9,45.4,Normal
18.63,98.72,116.85,0.73,61.5,83.7,CO Leak
18.74,95.54,126.36,1.12,35.9,34.5,CO Leak
18.33,33.36,44.17,2.51,55.5,57.8,O2 Low
20.45,55.93,153.07,2.02,54.6,67.1,CO Leak
18.58,76.94,86.55,3.27,33.4,79.5,CO Leak
19.18,9.57,131.55,2.56,58.9,69.6,NOx High
20.2,97.69,138.07,3.11,58.5,40.6,CO Leak
19.26,80.34,31.72,3.76,38.7,53.0,CO Leak
20.33,77.46,183.7,0.71,41.9,37.3,CO Leak
19.93,70.45,139.83,0.48,55.0,51.5,CO Leak
18.01,97.17,180.51,1.8,35.7,59.5,CO Leak
20.51,0.82,94.96,3.49,48.8,84.1,Normal
19.27,95.36,108.35,4.08,50.5,77.3,CO Leak
18.45,5.67,99.73,4.01,51.5,46.2,O2 Low
20.43,24.85,158.36,2.99,28.8,46.8,NOx High
20.14,23.05,65.91,0.18,49.4,61.0,Normal
19.34,0.03,17.64,0.77,51.7,47.3,Normal
18.59,44.77,89.32,2.56,61.6,30.0,O2 Low
19.98,97.2,53.14,1.86,52.6,50.7,CO Leak
18.85,22.94,86.0,3.59,27.6,90.0,O2 Low
18.48,0.19,20.03,3.13,34.2,35.4,O2 Low
19.1,7.8,166.42,3.1,39.9,46.2,NOx High
18.21,87.02,166.12,3.52,32.9,42.1,CO Leak
20.39,43.29,33.95,4.57,22.4,71.7,Normal
19.28,12.62,15.45,3.34,36.9,79.4,Normal
20.83,76.53,177.43,4.21,35.7,67.0,CO Leak
19.5,14.46,97.75,1.65,65.4,52.0,Normal
20.13,40.18,176.02,3.35,53.9,69.8,NOx High
20.49,20.32,151.54,1.81,42.2,68.1,NOx High
20.47,54.6,62.55,2.22,66.4,66.6,CO Leak
18.05,11.15,79.49,0.59,69.5,41.6,O2 Low
18.14,25.36,106.82,0.79,55.6,42.7,NOx High
19.98,32.99,168.06,4.27,55.8,39.4,NOx High
18.85,34.68,158.92,1.34,46.1,66.6,NOx High
20.37,18.49,190.11,0.04,54.5,50.1,NOx High
18.86,40.39,55.57,2.3,63.8,64.4,O2 Low
19.29,43.57,189.3,0.55,63.4,80.8,NOx High
20.1,68.97,172.26,0.19,56.5,50.6,CO Leak
19.81,43.94,95.23,1.76,31.1,46.5,Normal
19.52,85.89,132.14,0.24,45.8,61.8,CO Leak
20.44,52.0,98.79,4.89,55.0,82.7,CO Leak
19.85,67.15,92.27,2.38,32.3,71.8,CO Leak
18.95,95.87,196.99,0.64,21.6,31.7,CO Leak
19.24,30.57,83.69,0.94,45.1,54.6,Normal
18.56,10.35,36.45,2.24,33.6,68.7,O2 Low
20.29,27.87,151.71,3.46,35.2,78.7,NOx High
19.92,38.65,175.41,3.42,39.4,75.0,NOx High
19.09,50.72,186.7,4.14,21.4,51.0,CO Leak
19.47,31.14,140.0,3.26,45.5,77.1,NOx High
19.14,3.71,81.99,3.15,49.0,66.9,Normal
18.34,41.46,99.43,4.45,57.5,54.7,O2 Low
20.4,37.0,40.11,2.44,20.0,85.7,Normal
20.77,79.14,97.78,2.47,26.3,43.8,CO Leak
20.28,4.66,180.85,0.14,45.9,69.2,NOx High
19.61,97.65,50.37,1.68,41.4,69.2,CO Leak
18.5,65.08,153.63,0.32,38.9,47.5,CO Leak
20.64,40.51,63.17,4.04,26.9,35.5,Normal
19.71,60.84,158.28,4.46,52.2,58.0,CO Leak
20.35,31.79,69.85,2.91,65.8,42.6,Normal
20.25,88.7,156.55,3.86,29.4,44.4,CO Leak
20.61,91.93,92.06,1.87,67.7,84.6,CO Leak
18.02,23.9,153.85,1.61,66.8,74.2,NOx High
18.49,90.48,68.01,2.34,25.3,30.7,CO Leak
19.6,31.09,123.72,2.63,68.8,66.5,NOx High
20.5,28.1,197.12,1.31,62.1,41.6,NOx High
19.95,21.19,124.04,4.73,57.6,57.9,NOx High
19.89,10.9,17.26,2.36,28.4,52.2,Normal
20.93,73.25,107.67,1.09,32.6,34.2,CO Leak
18.04,71.15,78.2,3.04,24.7,39.1,CO Leak
18.81,41.76,149.01,4.85,42.3,30.7,NOx High
18.81,33.04,44.11,4.72,31.9,54.2,O2 Low
18.65,83.41,47.37,2.62,55.8,86.1,CO Leak
18.08,97.8,36.63,3.13,64.7,38.3,CO Leak
19.02,67.64,158.54,0.35,37.1,48.8,CO Leak
19.99,36.58,58.96,4.6,68.4,70.6,Normal
19.76,37.29,71.26,4.94,61.4,60.7,Normal
18.49,86.89,91.37,2.58,42.5,82.6,CO Leak
20.61,66.01,127.15,2.7,43.8,71.6,CO Leak
20.63,51.31,46.97,4.15,39.9,81.7,CO Leak
19.78,79.08,166.79,2.54,21.9,72.2,CO Leak
19.21,51.84,195.03,3.07,36.0,40.9,CO Leak
18.46,67.36,200.0,3.78,37.7,89.8,CO Leak
19.61,12.99,138.58,0.26,29.1,81.1,NOx High
19.18,70.75,53.44,0.64,43.2,45.7,CO Leak
18.12,86.01,146.33,0.23,62.3,36.6,CO Leak
20.64,31.21,106.45,2.79,38.9,58.4,NOx High
18.13,36.61,75.68,2.58,60.4,68.4,O2 Low
18.75,10.6,144.59,3.23,66.3,43.3,NOx High
19.73,33.97,74.19,2.36,65.9,55.5,Normal
20.85,37.26,134.82,1.37,32.2,88.2,NOx High
18.04,34.97,150.59,0.57,61.3,62.3,NOx High
18.3,35.34,81.37,2.79,44.8,56.8,O2 Low
18.03,49.96,174.51,0.36,25.7,76.2,NOx High
19.83,10.83,194.68,3.29,47.8,43.7,NOx High
19.67,96.51,134.39,3.04,36.0,89.8,CO Leak
18.03,91.9,19.38,2.07,66.9,37.8,CO Leak
19.88,56.33,92.37,1.19,58.6,88.7,CO Leak
20.94,58.15,49.46,1.01,24.9,51.0,CO Leak
19.37,16.03,197.48,0.95,39.5,83.7,NOx High
20.19,37.47,38.62,2.24,31.3,84.1,Normal
19.88,3.59,187.37,3.79,67.3,70.4,NOx High
19.06,82.83,72.87,2.2,50.7,58.0,CO Leak
20.17,17.62,70.85,4.19,46.3,32.0,Normal
18.3,26.97,70.67,1.81,37.5,35.1,O2 Low
20.16,36.12,60.58,4.91,48.7,59.3,Normal
18.56,74.25,169.64,4.81,45.5,75.5,CO Leak
18.16,92.7,160.98,3.77,53.7,32.4,CO Leak
19.99,71.41,198.13,3.41,24.1,70.5,CO Leak
20.97,21.32,49.46,3.34,50.7,54.6,Normal
18.8,35.66,8.26,4.06,69.1,46.9,O2 Low
19.42,57.12,199.8,2.29,61.8,57.8,CO Leak
20.66,74.15,76.46,1.98,58.4,55.8,CO Leak
18.52,92.36,92.25,1.14,64.7,88.0,CO Leak
20.07,2.65,41.87,3.56,37.6,53.4,Normal
19.62,26.13,66.1,2.57,23.5,85.9,Normal
18.93,19.99,126.0,2.25,68.5,68.6,NOx High
20.73,22.92,20.97,4.56,64.9,43.6,Normal
18.06,49.81,41.93,3.24,41.3,40.2,O2 Low
20.91,94.1,75.94,2.24,61.5,57.6,CO Leak
19.07,43.82,93.56,1.63,51.9,88.8,Normal
19.53,50.01,10.22,4.53,44.4,83.7,CO Leak
20.87,11.49,199.74,4.03,28.1,80.3,NOx High
19.84,60.23,2.92,0.59,36.1,59.3,CO Leak
20.77,32.39,145.92,4.44,25.7,67.2,NOx High
18.54,74.53,192.59,4.08,56.5,67.3,CO Leak
19.16,79.78,141.38,3.49,31.4,40.7,CO Leak
18.99,65.59,173.03,0.35,64.2,47.6,CO Leak
20.12,9.42,26.19,4.49,64.1,47.6,Normal
20.5,74.27,87.63,3.6,36.3,50.9,CO Leak
20.39,24.63,147.73,2.33,22.8,50.6,NOx High
20.41,62.78,119.33,3.17,26.1,33.3,CO Leak
19.6,45.84,183.35,1.94,39.1,42.7,NOx High
19.7,55.1,113.09,2.99,38.6,56.7,CO Leak
20.58,26.15,180.0,1.46,26.5,87.2,NOx High
19.19,70.03,53.91,1.39,69.8,73.1,CO Leak
20.69,90.46,197.14,1.39,66.0,39.0,CO Leak
18.68,54.87,4.75,3.83,58.3,49.4,CO Leak
18.91,57.14,4.19,1.04,21.6,76.0,CO Leak
20.55,22.71,101.87,0.36,48.2,79.0,NOx High
18.03,41.64,186.76,3.21,47.7,65.1,NOx High
19.77,32.2,143.16,4.67,45.3,78.0,NOx High
20.01,22.23,145.81,4.61,36.3,45.6,NOx High
18.39,2.26,17.88,3.46,51.4,82.0,O2 Low
18.17,64.61,108.23,3.07,42.8,34.5,CO Leak
18.13,78.97,168.33,0.44,56.7,84.1,CO Leak
19.57,13.42,191.58,2.6,32.9,43.4,NOx High
20.69,38.73,101.96,2.76,54.5,36.4,NOx High
19.63,89.74,137.05,1.41,47.4,38.3,CO Leak
18.24,43.76,148.04,3.91,32.5,47.3,NOx High
20.27,97.74,129.69,2.07,61.2,54.6,CO Leak
20.25,54.8,178.04,2.55,25.5,73.5,CO Leak
19.15,33.51,148.18,4.24,30.4,30.7,NOx High
19.47,80.99,161.81,2.95,35.3,75.7,CO Leak
18.14,99.64,192.65,4.08,42.6,42.1,CO Leak
19.15,33.08,79.78,1.41,24.4,71.1,Normal
18.75,93.87,123.06,4.75,21.5,72.8,CO Leak
19.34,1.03,67.22,3.01,68.4,34.5,Normal
18.27,82.43,119.29,4.6,31.8,32.4,CO Leak
18.39,97.96,145.79,4.1,38.9,69.5,CO Leak
19.13,35.34,23.17,2.57,53.8,80.9,Normal
19.85,79.85,116.61,3.06,47.8,34.4,CO Leak
19.48,3.65,173.6,0.05,60.0,87.2,NOx High
18.47,99.11,51.58,2.65,41.3,75.5,CO Leak
19.63,44.85,7.82,1.64,29.6,32.3,Normal
19.32,40.46,46.55,4.33,65.2,36.9,Normal
19.95,36.44,74.49,4.87,52.9,45.5,Normal
19.06,55.99,189.79,3.15,33.6,57.8,CO Leak
18.45,24.2,176.72,4.73,67.0,85.7,NOx High
19.66,1.34,10.02,1.43,38.9,78.4,Normal
20.8,74.96,38.87,4.41,49.9,39.1,CO Leak
20.61,47.34,71.04,4.65,38.6,59.3,Normal
20.46,91.65,174.52,1.03,26.5,45.7,CO Leak
18.58,77.71,20.45,3.4,27.2,49.2,CO Leak
20.63,49.7,198.47,2.31,47.0,64.4,NOx High
19.82,52.54,125.09,0.08,30.6,86.4,CO Leak
19.33,7.03,39.6,1.26,43.4,32.6,Normal
20.7,68.38,58.51,1.69,54.6,75.4,CO Leak
19.53,93.62,188.19,3.94,63.4,89.4,CO Leak
18.3,6.54,165.91,3.46,66.1,70.0,NOx High
18.14,26.66,153.06,1.56,56.1,77.3,NOx High
20.62,54.9,171.35,0.42,24.3,73.0,CO Leak
19.26,32.49,61.94,0.41,54.3,46.5,Normal
18.31,85.79,53.23,4.58,21.6,40.2,CO Leak
19.8,75.02,84.34,3.52,28.2,82.2,CO Leak
19.44,50.1,188.88,0.39,41.5,80.0,CO Leak
18.58,98.25,21.3,3.62,50.4,71.1,CO Leak
19.76,85.6,5.99,3.29,47.7,83.6,CO Leak
20.4,35.03,107.62,0.89,23.7,59.8,NOx High
18.41,49.29,32.94,1.04,27.3,87.1,O2 Low
19.14,21.46,165.49,0.69,21.2,87.9,NOx High
18.97,60.59,110.36,0.85,33.6,30.0,CO Leak
20.24,83.3,177.45,4.86,61.7,50.5,CO Leak
19.45,91.12,35.19,0.49,57.9,57.8,CO Leak
18.26,14.58,0.87,4.28,55.0,57.5,O2 Low
20.69,23.8,28.98,3.91,25.6,69.9,Normal
18.24,16.87,133.79,3.97,43.8,52.7,NOx High
18.14,78.78,69.35,1.64,58.8,47.4,CO Leak
18.98,68.82,19.61,0.2,53.8,66.8,CO Leak
19.26,68.25,132.25,2.23,34.5,58.1,CO Leak
20.05,70.2,67.77,3.5,67.4,38.8,CO Leak
18.17,29.29,116.49,0.6,37.7,54.7,NOx High
19.21,88.06,136.59,4.32,49.8,51.2,CO Leak
19.88,64.45,126.84,4.12,35.4,83.3,CO Leak
18.75,38.86,72.37,4.62,23.6,70.9,O2 Low
19.58,99.43,1.41,2.69,56.1,42.4,CO Leak
19.34,37.56,1.18,2.39,37.7,60.1,Normal
18.18,38.75,191.47,3.99,62.2,79.0,NOx High
20.74,49.24,107.25,2.88,61.6,38.7,NOx High
18.17,46.96,171.8,1.82,46.5,58.2,NOx High
20.74,40.71,71.8,4.61,51.5,32.3,Normal
19.89,27.79,16.99,2.96,30.4,53.6,Normal
19.05,80.92,182.53,1.45,31.3,45.3,CO Leak
20.36,45.91,119.36,2.88,38.8,89.9,NOx High
19.22,83.81,120.59,1.35,67.8,86.0,CO Leak
20.2,1.03,95.38,3.45,60.7,52.6,Normal
20.97,0.86,35.27,1.11,66.2,62.1,Normal
20.7,89.53,113.52,3.34,50.1,49.5,CO Leak
18.93,59.41,17.47,1.99,26.3,56.6,CO Leak
20.98,88.08,32.84,0.58,32.3,55.1,CO Leak
20.0,5.84,39.12,3.4,22.0,34.1,Normal
18.06,63.42,88.63,1.56,38.4,37.6,CO Leak
18.38,79.57,184.7,2.63,63.2,46.3,CO Leak
